country,location_name,latitude,longitude,timezone,last_updated_epoch,last_updated,temperature_celsius,temperature_fahrenheit,condition_text,wind_mph,wind_kph,wind_degree,wind_direction,pressure_mb,pressure_in,precip_mm,precip_in,humidity,cloud,feels_like_celsius,feels_like_fahrenheit,visibility_km,visibility_miles,uv_index,gust_mph,gust_kph,air_quality_Carbon_Monoxide,air_quality_Ozone,air_quality_Nitrogen_dioxide,air_quality_Sulphur_dioxide,air_quality_PM2.5,air_quality_PM10,air_quality_us-epa-index,air_quality_gb-defra-index,sunrise,sunset,moonrise,moonset,moon_phase,moon_illumination
Afghanistan,Kabul,34.52,69.18,Asia/Kabul,1693301400,2023-08-29 14:00,28.8,83.8,Sunny,7.2,11.5,74,ENE,1004.0,29.64,0.0,0.0,19,0,26.7,80.1,10.0,6.0,7.0,8.3,13.3,647.5,130.2,1.2,0.4,7.9,11.1,1,1,05:24 AM,06:24 PM,05:39 PM,02:48 AM,Waxing Gibbous,93
Albania,Tirana,41.33,19.82,Europe/Tirane,1693301400,2023-08-29 11:30,27.0,80.6,Partly cloudy,3.8,6.1,210,SSW,1006.0,29.71,0.0,0.0,54,75,28.0,82.3,10.0,6.0,6.0,7.4,11.9,433.9,104.4,3.6,1.8,28.2,29.6,2,3,06:04 AM,07:19 PM,06:50 PM,03:25 AM,Waxing Gibbous,93
Algeria,Algiers,36.76,3.05,Africa/Algiers,1693301400,2023-08-29 10:30,28.0,82.4,Partly cloudy,8.1,13.0,240,WSW,1014.0,29.94,0.0,0.0,30,25,27.4,81.3,10.0,6.0,7.0,3.4,5.4,647.5,16.6,63.1,12.6,6.4,7.9,1,1,06:16 AM,07:21 PM,06:46 PM,03:50 AM,Waxing Gibbous,93
Andorra,Andorra La Vella,42.5,1.52,Europe/Andorra,1693301400,2023-08-29 11:30,10.2,50.4,Sunny,6.0,9.7,345,NNW,1015.0,29.97,0.0,0.0,51,6,8.9,48.0,10.0,6.0,4.0,7.4,11.9,190.3,68.0,0.2,0.2,0.5,0.8,1,1,07:16 AM,08:34 PM,08:08 PM,04:38 AM,Waxing Gibbous,93
Angola,Luanda,-8.84,13.23,Africa/Luanda,1693301400,2023-08-29 10:30,25.0,77.0,Partly cloudy,2.2,3.6,270,W,1016.0,30.0,0.0,0.0,69,75,26.9,80.4,10.0,6.0,6.0,3.6,5.8,2136.2,147.3,52.8,26.9,139.6,203.3,4,10,06:11 AM,06:06 PM,04:43 PM,04:41 AM,Waxing Gibbous,93
Antigua and Barbuda,Saint John's,17.12,-61.85,America/Antigua,1693301400,2023-08-29 05:30,29.0,84.2,Light rain,9.4,15.1,90,E,1015.0,29.97,0.3,0.01,79,75,34.0,93.2,10.0,6.0,1.0,23.3,37.4,200.3,16.6,0.5,0.5,0.8,1.9,1,1,05:53 AM,06:23 PM,05:36 PM,04:09 AM,Waxing Gibbous,93
Argentina,Buenos Aires,-34.59,-58.67,America/Argentina/Buenos_Aires,1693301400,2023-08-29 06:30,9.0,48.2,Clear,6.9,11.2,70,ENE,1023.0,30.21,0.0,0.0,71,0,8.0,46.4,10.0,6.0,1.0,8.5,13.7,270.4,18.8,10.7,1.3,2.1,3.5,1,1,07:18 AM,06:34 PM,04:57 PM,06:32 AM,Waxing Gibbous,93
Armenia,Yerevan,40.18,44.51,Asia/Yerevan,1693301400,2023-08-29 13:30,31.0,87.8,Partly cloudy,5.6,9.0,170,S,1003.0,29.62,0.0,0.0,26,25,29.0,84.2,10.0,6.0,8.0,5.1,8.3,212.0,121.6,1.0,1.1,5.0,6.2,1,1,06:26 AM,07:39 PM,07:05 PM,03:45 AM,Waxing Gibbous,93
Australia,Canberra,-35.28,149.22,Australia/Sydney,1693301400,2023-08-29 19:30,13.0,55.4,Clear,9.4,15.1,10,N,1017.0,30.03,0.0,0.0,62,0,12.7,54.8,10.0,6.0,1.0,9.4,15.1,203.6,44.0,3.5,0.5,4.0,5.8,1,1,06:27 AM,05:42 PM,03:19 PM,05:17 AM,Waxing Gibbous,93
Austria,Vienna,48.2,16.37,Europe/Vienna,1693301400,2023-08-29 11:30,16.0,60.8,Light rain,11.9,19.1,320,NW,1005.0,29.68,0.0,0.0,82,75,16.0,60.8,10.0,6.0,4.0,16.1,25.9,320.4,30.0,29.1,13.0,13.1,14.9,1,2,06:07 AM,07:43 PM,07:27 PM,03:11 AM,Waxing Gibbous,93
Azerbaijan,Baku,40.4,49.88,Asia/Baku,1693301400,2023-08-29 13:30,31.0,87.8,Sunny,13.6,22.0,360,N,1003.0,29.62,0.0,0.0,36,0,32.7,90.8,10.0,6.0,7.0,9.8,15.8,230.3,101.6,2.4,0.9,5.6,6.8,1,1,06:04 AM,07:18 PM,06:44 PM,03:21 AM,Waxing Gibbous,93
Bahamas,Nassau,25.08,-77.35,America/Nassau,1693301400,2023-08-29 05:30,29.8,85.6,Clear,8.9,14.4,215,SW,1012.0,29.87,0.0,0.0,80,8,36.6,97.9,10.0,6.0,1.0,12.3,19.8,220.3,29.3,1.0,1.2,1.4,2.1,1,1,06:49 AM,07:32 PM,06:53 PM,04:58 AM,Waxing Gibbous,93
Bahrain,Manama,26.24,50.58,Asia/Bahrain,1693301400,2023-08-29 12:30,38.0,100.4,Sunny,8.1,13.0,60,ENE,1000.0,29.53,0.0,0.0,54,0,47.8,118.1,10.0,6.0,9.0,10.1,16.2,360.5,254.6,5.7,9.7,69.3,152.9,4,9,05:16 AM,06:01 PM,05:07 PM,02:58 AM,Waxing Gibbous,93
Bangladesh,Dhaka,23.72,90.41,Asia/Dhaka,1693301400,2023-08-29 15:30,34.0,93.2,Cloudy,3.4,5.4,259,W,1000.0,29.53,0.0,0.0,52,70,39.6,103.3,10.0,6.0,7.0,4.7,7.6,827.8,45.8,59.0,11.1,84.8,95.6,4,10,05:39 AM,06:19 PM,05:18 PM,03:17 AM,Waxing Gibbous,93
Barbados,Bridgetown,13.1,-59.62,America/Barbados,1693301400,2023-08-29 05:30,27.0,80.6,Partly cloudy,16.1,25.9,90,E,1013.0,29.91,0.4,0.02,89,25,30.0,86.0,10.0,6.0,1.0,26.8,43.2,201.9,17.7,0.8,0.7,1.6,3.5,1,1,05:47 AM,06:11 PM,05:20 PM,04:07 AM,Waxing Gibbous,93
Belarus,Minsk,53.9,27.57,Europe/Minsk,1693301400,2023-08-29 12:30,22.0,71.6,Sunny,6.9,11.2,90,E,1012.0,29.88,0.0,0.0,61,0,24.4,76.0,10.0,6.0,6.0,13.2,21.2,210.3,94.4,2.4,5.1,2.1,2.3,1,1,06:12 AM,08:08 PM,08:06 PM,02:51 AM,Waxing Gibbous,93
Belgium,Brussels,50.83,4.33,Europe/Brussels,1693301400,2023-08-29 11:30,16.0,60.8,Partly cloudy,3.8,6.1,240,WSW,1013.0,29.91,0.0,0.0,82,25,16.0,60.8,10.0,6.0,5.0,5.8,9.4,247.0,40.8,28.8,9.3,16.6,19.6,2,2,06:51 AM,08:35 PM,08:26 PM,03:49 AM,Waxing Gibbous,93
Belize,Belmopan,17.25,-88.77,America/Belize,1693301400,2023-08-29 03:30,23.6,74.5,Patchy rain possible,4.3,6.8,233,SW,1009.0,29.78,0.7,0.03,95,70,26.1,79.0,9.0,5.0,1.0,7.6,12.2,161.9,6.6,0.4,0.1,2.8,2.9,1,1,05:41 AM,06:11 PM,05:28 PM,04:01 AM,Waxing Gibbous,93
Benin,Porto-Novo,6.48,2.62,Africa/Porto-Novo,1693301400,2023-08-29 10:30,28.0,82.4,Partly cloudy,10.5,16.9,230,SW,1016.0,30.0,0.0,0.0,84,50,31.0,87.8,10.0,6.0,6.0,7.4,11.9,560.8,20.6,4.1,1.5,13.4,23.1,1,2,06:43 AM,06:58 PM,05:52 PM,04:59 AM,Waxing Gibbous,93
Bhutan,Thimphu,27.48,89.6,Asia/Thimphu,1693301400,2023-08-29 15:30,17.1,62.8,Patchy rain possible,5.4,8.6,201,SSW,1005.0,29.69,1.3,0.05,75,83,17.1,62.8,9.0,5.0,4.0,7.4,11.9,400.5,47.2,0.1,0.2,7.3,7.6,1,1,05:39 AM,06:26 PM,05:29 PM,03:11 AM,Waxing Gibbous,93
Bolivia,Sucre,-19.04,-65.26,America/La_Paz,1693301400,2023-08-29 05:30,10.8,51.4,Clear,2.2,3.6,269,W,1013.0,29.91,0.0,0.0,38,0,11.2,52.2,10.0,6.0,1.0,4.7,7.6,155.2,41.5,1.0,0.5,3.2,12.3,1,1,06:31 AM,06:13 PM,04:55 PM,05:27 AM,Waxing Gibbous,93
Bosnia and Herzegovina,Sarajevo,43.85,18.38,Europe/Sarajevo,1693301400,2023-08-29 11:30,23.0,73.4,Partly cloudy,18.6,29.9,140,SE,1004.0,29.65,0.0,0.0,47,50,24.6,76.3,10.0,6.0,6.0,12.3,19.8,237.0,85.8,0.9,7.0,8.4,8.8,1,1,06:06 AM,07:28 PM,07:03 PM,03:22 AM,Waxing Gibbous,93
Botswana,Gaborone,-24.65,25.91,Africa/Gaborone,1693301400,2023-08-29 11:30,18.4,65.1,Sunny,9.4,15.1,48,NE,1031.0,30.44,0.0,0.0,35,6,18.4,65.1,10.0,6.0,5.0,10.7,17.3,460.6,85.8,1.4,1.6,17.4,19.9,2,2,06:31 AM,06:04 PM,04:22 PM,05:20 AM,Waxing Gibbous,93
Brazil,Bras,-2.08,-58.17,America/Manaus,1693301400,2023-08-29 05:30,23.8,74.8,Clear,3.1,5.0,82,E,1010.0,29.84,0.0,0.0,54,8,25.2,77.4,10.0,6.0,1.0,6.5,10.4,317.1,19.5,0.5,0.2,2.4,3.8,1,1,05:52 AM,05:56 PM,04:51 PM,04:27 AM,Waxing Gibbous,93
Brunei Darussalam,Bandar Seri Begawan,4.88,114.93,Asia/Brunei,1693301400,2023-08-29 17:30,31.0,87.8,Partly cloudy,6.9,11.2,280,W,1006.0,29.71,0.4,0.02,79,75,37.4,99.3,10.0,6.0,6.0,11.4,18.4,283.7,28.6,1.2,0.6,2.1,2.8,1,1,06:15 AM,06:28 PM,05:02 PM,04:12 AM,Waxing Gibbous,93
Bulgaria,Sofia,42.68,23.32,Europe/Sofia,1693301400,2023-08-29 12:30,28.0,82.4,Partly cloudy,9.4,15.1,100,E,1008.0,29.77,0.1,0.0,40,25,27.2,81.0,10.0,6.0,6.0,3.1,5.0,240.3,101.6,1.3,1.2,9.2,11.3,1,1,06:48 AM,08:07 PM,07:40 PM,04:05 AM,Waxing Gibbous,93
Burkina Faso,Ouagadougou,12.37,-1.52,Africa/Ouagadougou,1693301400,2023-08-29 09:30,28.0,82.4,Partly cloudy,4.3,6.8,200,SSW,1016.0,30.0,0.0,0.0,79,25,30.2,86.3,10.0,6.0,7.0,8.7,14.0,814.4,18.2,4.6,2.2,18.4,35.4,2,2,05:55 AM,06:18 PM,05:18 PM,04:05 AM,Waxing Gibbous,93
Burundi,Bujumbura,-3.38,29.36,Africa/Bujumbura,1693301400,2023-08-29 11:30,28.9,84.0,Partly cloudy,10.5,16.9,200,SSW,1018.0,30.06,0.0,0.0,34,25,28.2,82.8,10.0,6.0,7.0,5.4,8.6,337.1,64.4,0.9,0.7,7.2,16.1,1,1,06:03 AM,06:05 PM,04:44 PM,04:24 AM,Waxing Gibbous,93
Madagascar,Ivory,-24.37,46.45,Indian/Antananarivo,1693301400,2023-08-29 12:30,22.9,73.2,Sunny,6.3,10.1,118,ESE,1026.0,30.31,0.0,0.0,35,0,24.0,75.2,10.0,6.0,6.0,7.2,11.5,201.9,63.7,0.1,0.2,1.2,3.4,1,1,06:09 AM,05:42 PM,03:57 PM,04:54 AM,Waxing Gibbous,93
Cape Verde,Praia,14.93,-23.51,Atlantic/Cape_Verde,1693301400,2023-08-29 08:30,28.0,82.4,Partly cloudy,9.4,15.1,20,NNE,1011.0,29.85,0.0,0.0,74,25,31.6,88.8,6.0,3.0,7.0,10.1,16.2,188.6,52.2,0.6,0.3,29.0,158.9,2,3,06:21 AM,06:48 PM,05:54 PM,04:32 AM,Waxing Gibbous,93
Cambodia,Phnom Penh,11.55,104.92,Asia/Phnom_Penh,1693301400,2023-08-29 16:30,30.0,86.0,Moderate or heavy rain with thunder,6.9,11.2,320,NW,1003.0,29.62,0.0,0.0,75,75,30.3,86.5,8.0,4.0,8.0,17.4,28.1,310.4,24.0,2.8,1.7,2.0,5.3,1,1,05:50 AM,06:12 PM,04:55 PM,03:42 AM,Waxing Gibbous,93
Cameroon,Bafoussam,5.47,10.42,Africa/Douala,1693301400,2023-08-29 10:30,23.9,75.0,Patchy rain possible,2.2,3.6,255,WSW,1016.0,30.01,0.8,0.03,78,89,25.8,78.4,9.0,5.0,5.0,2.2,3.6,721.0,9.1,2.8,0.8,20.5,30.0,2,2,06:12 AM,06:26 PM,05:18 PM,04:28 AM,Waxing Gibbous,93
Canada,Ottawa,45.42,-75.7,America/Toronto,1693301400,2023-08-29 05:30,11.0,51.8,Clear,4.3,6.8,210,SSW,1014.0,29.94,0.0,0.0,100,0,11.4,52.4,24.0,14.0,1.0,3.4,5.4,205.3,17.7,2.5,0.4,3.7,4.1,1,1,06:20 AM,07:46 PM,07:33 PM,03:54 AM,Waxing Gibbous,93
Central African Republic,Bangui,4.37,18.58,Africa/Bangui,1693301400,2023-08-29 10:30,26.3,79.3,Partly cloudy,2.2,3.6,213,SSW,1014.0,29.94,0.0,0.0,80,39,29.0,84.2,10.0,6.0,7.0,2.5,4.0,260.4,1.0,0.1,0.0,0.5,0.8,1,1,05:41 AM,05:53 PM,04:42 PM,03:56 AM,Waxing Gibbous,93
Chad,N'djamena,12.11,15.05,Africa/Douala,1693301400,2023-08-29 10:30,32.0,89.6,Sunny,11.9,19.1,230,SW,1012.0,29.88,0.0,0.0,67,0,38.7,101.6,7.0,4.0,7.0,12.3,19.8,534.1,20.2,0.9,0.8,9.5,13.3,1,1,05:49 AM,06:12 PM,05:09 PM,03:56 AM,Waxing Gibbous,93
Chile,Santiago,-33.45,-70.67,America/Santiago,1693301400,2023-08-29 05:30,5.0,41.0,Clear,3.8,6.1,40,NE,1021.0,30.15,0.0,0.0,87,0,3.6,38.4,10.0,6.0,1.0,8.5,13.7,5500.8,0.0,57.6,16.2,496.2,596.9,6,10,07:05 AM,06:23 PM,04:50 PM,06:19 AM,Waxing Gibbous,93
China,Beijing,39.93,116.39,Asia/Shanghai,1693301400,2023-08-29 17:30,28.0,82.4,Sunny,4.3,6.8,50,NE,1010.0,29.83,0.0,0.0,37,0,28.2,82.7,10.0,6.0,7.0,11.2,18.0,420.6,140.2,56.9,76.3,26.2,34.3,2,3,05:39 AM,06:52 PM,06:09 PM,02:41 AM,Waxing Gibbous,93
Bulgaria,Bogot,43.32,24.7,Europe/Sofia,1693301400,2023-08-29 12:30,36.4,97.5,Sunny,7.4,11.9,144,SE,1003.0,29.61,0.0,0.0,17,4,35.0,95.0,10.0,6.0,9.0,8.5,13.7,201.9,97.3,0.5,0.5,4.4,5.3,1,1,06:41 AM,08:02 PM,07:36 PM,03:57 AM,Waxing Gibbous,93
Comoros,Moroni,-11.7,43.24,Indian/Comoro,1693301400,2023-08-29 12:30,24.0,75.2,Partly cloudy,15.0,24.1,210,SSW,1019.0,30.09,3.0,0.12,83,75,26.0,78.8,10.0,6.0,5.0,31.8,51.1,227.0,67.2,0.2,0.5,6.9,11.1,1,1,06:12 AM,06:04 PM,04:33 PM,04:42 AM,Waxing Gibbous,93
Congo,Brazzaville,-4.26,15.28,Africa/Brazzaville,1693301400,2023-08-29 10:30,31.1,88.0,Partly cloudy,5.6,9.0,228,SW,1015.0,29.96,0.0,0.0,51,62,33.4,92.1,10.0,6.0,8.0,6.5,10.4,540.7,38.6,2.0,1.0,7.8,22.3,1,1,05:59 AM,06:00 PM,04:42 PM,04:25 AM,Waxing Gibbous,93
Costa Rica,San Juan,9.97,-84.08,America/Costa_Rica,1693301400,2023-08-29 03:30,21.0,69.8,Clear,3.8,6.1,310,NW,1016.0,30.0,0.0,0.0,94,0,21.0,69.8,10.0,6.0,1.0,6.9,11.2,1028.1,0.0,13.2,4.8,44.3,44.9,3,5,05:28 AM,05:47 PM,04:57 PM,03:55 AM,Waxing Gibbous,93
Croatia,Zagreb,45.8,16.0,Europe/Zagreb,1693301400,2023-08-29 11:30,23.0,73.4,Partly cloudy,2.2,3.6,173,S,1002.0,29.59,0.0,0.0,69,25,24.8,76.7,10.0,6.0,6.0,5.6,9.0,247.0,83.7,2.1,1.8,7.2,8.0,1,1,06:13 AM,07:41 PM,07:19 PM,03:24 AM,Waxing Gibbous,93
Cuba,Havana,23.13,-82.36,America/Havana,1693301400,2023-08-29 05:30,26.0,78.8,Partly cloudy,9.4,15.1,160,SSE,1007.0,29.74,0.0,0.0,100,75,28.9,84.0,9.0,5.0,1.0,34.0,54.7,277.0,24.3,5.2,14.4,2.6,3.1,1,1,07:11 AM,07:50 PM,07:11 PM,05:23 AM,Waxing Gibbous,93
Cyprus,Nicosia,35.17,33.37,Asia/Nicosia,1693301400,2023-08-29 12:30,35.0,95.0,Partly cloudy,6.9,11.2,360,N,1003.0,29.62,0.0,0.0,35,25,37.1,98.8,10.0,6.0,8.0,5.8,9.4,233.7,110.2,0.4,1.9,13.0,23.1,1,2,06:16 AM,07:18 PM,06:38 PM,03:47 AM,Waxing Gibbous,93
Czech Republic,Prague,50.08,14.47,Europe/Prague,1693301400,2023-08-29 11:30,13.0,55.4,Overcast,5.6,9.0,320,NW,1007.0,29.74,0.1,0.0,94,100,12.5,54.5,10.0,6.0,3.0,6.0,9.7,217.0,53.6,6.4,4.5,3.0,3.8,1,1,06:12 AM,07:54 PM,07:42 PM,03:10 AM,Waxing Gibbous,93
Democratic Republic of Congo,Kinshasa,-4.3,15.3,Africa/Brazzaville,1693301400,2023-08-29 10:30,31.1,88.0,Partly cloudy,5.6,9.0,231,SW,1015.0,29.96,0.0,0.0,50,60,33.4,92.1,10.0,6.0,8.0,6.5,10.4,540.7,38.6,2.0,1.0,7.8,22.3,1,1,05:59 AM,06:00 PM,04:42 PM,04:25 AM,Waxing Gibbous,93
Denmark,Copenhagen,55.67,12.58,Europe/Copenhagen,1693301400,2023-08-29 11:30,17.0,62.6,Sunny,4.3,6.8,360,N,1011.0,29.85,0.0,0.0,72,0,17.0,62.6,10.0,6.0,5.0,3.1,5.0,237.0,61.5,4.8,1.2,1.2,2.4,1,1,06:08 AM,08:12 PM,08:16 PM,02:42 AM,Waxing Gibbous,93
Djibouti,Djibouti,11.6,43.15,Africa/Djibouti,1693301400,2023-08-29 12:30,42.0,107.6,Mist,9.4,15.1,240,WSW,1005.0,29.68,0.0,0.0,29,25,59.1,138.3,8.0,4.0,9.0,23.3,37.4,347.1,61.5,0.3,0.2,9.2,20.9,1,1,05:57 AM,06:19 PM,05:12 PM,04:00 AM,Waxing Gibbous,93
Dominica,Roseau,15.3,-61.4,America/Dominica,1693301400,2023-08-29 05:30,28.2,82.8,Light rain shower,12.3,19.8,86,E,1015.0,29.97,0.6,0.02,79,62,32.6,90.7,10.0,6.0,1.0,16.1,25.9,178.6,18.8,0.4,0.2,1.1,2.1,1,1,05:53 AM,06:20 PM,05:31 PM,04:10 AM,Waxing Gibbous,93
Dominican Republic,Santo Domingo,18.47,-69.9,America/Santo_Domingo,1693301400,2023-08-29 05:30,26.0,78.8,Partly cloudy,4.3,6.8,120,ESE,1015.0,29.97,0.0,0.0,94,25,30.6,87.1,10.0,6.0,1.0,7.2,11.5,514.0,0.0,9.1,2.8,15.3,23.6,1,2,06:24 AM,06:56 PM,06:11 PM,04:40 AM,Waxing Gibbous,93
Ecuador,Quito,-0.22,-78.5,America/Guayaquil,1693301400,2023-08-29 04:30,8.9,48.0,Clear,4.3,6.8,136,SE,1020.0,30.11,0.0,0.0,62,6,8.0,46.4,10.0,6.0,1.0,7.2,11.5,1976.0,0.0,54.8,57.7,17.5,20.7,2,2,06:12 AM,06:18 PM,05:19 PM,04:48 AM,Waxing Gibbous,93
Egypt,Cairo,30.05,31.25,Africa/Cairo,1693301400,2023-08-29 12:30,31.0,87.8,Partly cloudy,11.9,19.1,310,NW,1008.0,29.77,0.0,0.0,46,50,34.3,93.7,10.0,6.0,1.0,9.4,15.1,260.4,44.0,17.0,23.6,39.0,55.9,2,4,06:30 AM,07:22 PM,06:35 PM,04:10 AM,Waxing Gibbous,93
El Salvador,San Salvador,13.71,-89.2,America/El_Salvador,1693301400,2023-08-29 03:30,26.0,78.8,Light rain,4.3,6.8,50,NE,1010.0,29.82,0.0,0.0,94,50,30.2,86.4,10.0,6.0,1.0,1.6,2.5,300.4,3.9,7.0,10.9,17.1,22.1,2,2,05:45 AM,06:10 PM,05:24 PM,04:09 AM,Waxing Gibbous,93
Equatorial Guinea,Malabo,3.75,8.78,Africa/Malabo,1693301400,2023-08-29 10:30,25.9,78.6,Light rain shower,5.4,8.6,273,W,1016.0,30.01,2.0,0.08,81,87,28.6,83.5,10.0,6.0,6.0,8.1,13.0,343.8,34.3,0.2,0.1,2.7,3.1,1,1,06:20 AM,06:31 PM,05:22 PM,04:38 AM,Waxing Gibbous,93
Eritrea,Asmara,15.33,38.93,Africa/Asmara,1693301400,2023-08-29 12:30,25.1,77.2,Patchy rain possible,10.7,17.3,36,NE,1012.0,29.87,0.1,0.0,34,87,25.0,77.0,10.0,6.0,6.0,16.3,26.3,243.7,37.9,0.1,0.2,10.4,31.1,1,1,06:11 AM,06:39 PM,05:35 PM,04:10 AM,Waxing Gibbous,93
Estonia,Tallinn,59.43,24.73,Europe/Tallinn,1693301400,2023-08-29 12:30,19.0,66.2,Partly cloudy,10.5,16.9,210,SSW,1010.0,29.83,0.0,0.0,73,50,19.0,66.2,10.0,6.0,5.0,13.0,20.9,208.6,103.0,1.0,0.9,3.1,3.2,1,1,06:09 AM,08:33 PM,08:51 PM,02:15 AM,Waxing Gibbous,93
Swaziland,Mbabane,-26.32,31.13,Africa/Mbabane,1693301400,2023-08-29 11:30,20.0,68.0,Sunny,2.2,3.6,73,ENE,1034.0,30.53,0.0,0.0,49,0,20.0,68.0,10.0,6.0,5.0,6.9,11.2,363.8,46.5,1.7,1.7,16.3,21.8,2,2,06:12 AM,05:42 PM,03:57 PM,05:02 AM,Waxing Gibbous,93
Ethiopia,Addis Ababa,9.03,38.7,Africa/Addis_Ababa,1693301400,2023-08-29 12:30,17.0,62.6,Partly cloudy,8.1,13.0,180,S,1027.0,30.33,2.7,0.11,83,50,17.0,62.6,10.0,6.0,3.0,2.7,4.3,460.6,33.3,0.7,0.6,15.7,109.3,2,2,06:17 AM,06:35 PM,05:26 PM,04:23 AM,Waxing Gibbous,93
Fiji Islands,Suva,-18.13,178.42,Pacific/Fiji,1693301400,2023-08-29 21:30,24.0,75.2,Partly cloudy,8.1,13.0,110,ESE,1016.0,30.0,0.1,0.0,78,75,25.9,78.7,10.0,6.0,1.0,18.8,30.2,195.3,61.5,1.7,2.1,1.5,6.3,1,1,06:17 AM,05:59 PM,03:56 PM,04:33 AM,Waxing Gibbous,93
Finland,Helsinki,60.18,24.93,Europe/Helsinki,1693301400,2023-08-29 12:30,20.0,68.0,Partly cloudy,11.9,19.1,230,SW,1009.0,29.8,0.0,0.0,64,50,20.0,68.0,10.0,6.0,5.0,13.6,22.0,217.0,70.8,3.8,2.1,4.0,5.0,1,1,06:06 AM,08:34 PM,08:56 PM,02:06 AM,Waxing Gibbous,93
France,Paris,48.87,2.33,Europe/Paris,1693301400,2023-08-29 11:30,18.0,64.4,Partly cloudy,6.9,11.2,240,WSW,1014.0,29.94,0.0,0.0,64,25,18.0,64.4,10.0,6.0,6.0,4.9,7.9,223.6,70.1,4.6,2.8,6.0,7.4,1,1,07:03 AM,08:40 PM,08:26 PM,04:07 AM,Waxing Gibbous,93
Gabon,Libreville,0.38,9.45,Africa/Libreville,1693301400,2023-08-29 10:30,27.0,80.6,Light rain shower,5.1,8.3,187,S,1016.0,29.99,0.2,0.01,74,56,29.6,85.3,10.0,6.0,6.0,6.0,9.7,507.4,26.1,3.6,4.1,6.8,10.3,1,1,06:19 AM,06:27 PM,05:14 PM,04:41 AM,Waxing Gibbous,93
Gambia,Banjul,13.45,-16.58,Africa/Banjul,1693301400,2023-08-29 09:30,27.0,80.6,Partly cloudy,9.4,15.1,180,S,1012.0,29.88,0.7,0.03,94,75,30.4,86.7,10.0,6.0,6.0,17.2,27.7,250.3,35.4,0.4,0.2,1.2,2.4,1,1,06:55 AM,07:20 PM,06:22 PM,05:06 AM,Waxing Gibbous,93
Georgia,Tbilisi,41.73,44.79,Asia/Tbilisi,1693301400,2023-08-29 13:30,30.0,86.0,Sunny,8.1,13.0,160,SSE,1005.0,29.68,0.0,0.0,43,0,30.2,86.3,10.0,6.0,7.0,5.6,9.0,220.3,78.0,1.0,0.9,4.5,5.0,1,1,06:23 AM,07:40 PM,07:09 PM,03:38 AM,Waxing Gibbous,93
Germany,Berlin,52.52,13.4,Europe/Berlin,1693301400,2023-08-29 11:30,16.0,60.8,Light rain,9.4,15.1,10,N,1009.0,29.8,0.3,0.01,82,75,16.0,60.8,10.0,6.0,3.0,8.9,14.4,217.0,52.9,7.9,3.2,5.1,5.5,1,1,06:11 AM,08:02 PM,07:56 PM,03:01 AM,Waxing Gibbous,93
Ghana,Accra,5.55,-0.22,Africa/Accra,1693301400,2023-08-29 09:30,26.0,78.8,Overcast,6.9,11.2,240,WSW,1017.0,30.03,0.0,0.0,89,100,28.4,83.1,10.0,6.0,7.0,11.4,18.4,403.9,17.9,3.4,1.1,5.8,13.8,1,1,05:55 AM,06:09 PM,05:02 PM,04:12 AM,Waxing Gibbous,93
Greece,Athens,37.98,23.72,Europe/Athens,1693301400,2023-08-29 12:30,32.0,89.6,Partly cloudy,6.9,11.2,80,E,1006.0,29.71,0.0,0.0,26,25,32.3,90.1,10.0,6.0,8.0,10.5,16.9,283.7,177.4,13.0,31.5,23.4,26.6,2,2,06:52 AM,08:00 PM,07:25 PM,04:19 AM,Waxing Gibbous,93
Grenada,Saint George's,12.05,-61.75,America/Grenada,1693301400,2023-08-29 05:30,26.0,78.8,Partly cloudy,12.5,20.2,60,ENE,1013.0,29.91,0.4,0.02,94,50,28.6,83.5,10.0,6.0,1.0,15.2,24.5,186.9,17.4,0.7,0.6,1.4,3.7,1,1,05:57 AM,06:19 PM,05:28 PM,04:17 AM,Waxing Gibbous,93
Guatemala,Guatemala City,14.62,-90.53,America/Guatemala,1693301400,2023-08-29 03:30,17.0,62.6,Mist,2.2,3.6,240,WSW,1013.0,29.92,0.0,0.0,96,57,17.0,62.6,2.0,1.0,1.0,2.5,4.0,1241.7,1.1,17.3,17.9,93.4,106.8,4,10,05:50 AM,06:16 PM,05:31 PM,04:13 AM,Waxing Gibbous,93
Guinea,Conakry,9.51,-13.71,Africa/Conakry,1693301400,2023-08-29 09:30,25.0,77.0,Partly cloudy,4.3,6.8,110,ESE,1015.0,29.97,2.5,0.1,100,75,27.2,81.0,10.0,6.0,5.0,4.5,7.2,433.9,27.9,0.4,0.1,0.6,17.0,1,1,06:46 AM,07:06 PM,06:04 PM,05:01 AM,Waxing Gibbous,93
Guinea-Bissau,Bissau,11.85,-15.58,Africa/Bissau,1693301400,2023-08-29 09:30,28.0,82.4,Light rain,6.9,11.2,180,S,1013.0,29.91,0.5,0.02,84,50,32.3,90.1,9.0,5.0,6.0,13.0,20.9,273.7,15.7,0.7,0.6,1.4,2.4,1,1,06:52 AM,07:15 PM,06:15 PM,05:05 AM,Waxing Gibbous,93
Guyana,Georgetown,6.8,-58.17,America/Guyana,1693301400,2023-08-29 05:30,24.0,75.2,Mist,2.2,3.6,10,N,1013.0,29.91,1.8,0.07,100,75,26.3,79.4,5.0,3.0,1.0,13.0,20.9,207.0,13.6,1.3,1.6,0.8,1.3,1,1,05:46 AM,06:01 PM,05:05 PM,04:12 AM,Waxing Gibbous,93
Haiti,Port-Au-Prince,18.54,-72.34,America/Port-au-Prince,1693301400,2023-08-29 05:30,27.0,80.6,Clear,9.4,15.1,120,ESE,1013.0,29.92,0.0,0.0,89,0,32.1,89.8,9.0,5.0,1.0,9.8,15.8,560.8,27.2,9.8,5.3,6.9,14.9,1,1,06:34 AM,07:06 PM,06:21 PM,04:50 AM,Waxing Gibbous,93
Vatican City,Vatican City,41.9,12.45,Europe/Rome,1693301400,2023-08-29 11:30,21.0,69.8,Moderate rain,2.2,3.6,238,WSW,1002.0,29.59,0.9,0.04,88,50,21.0,69.8,4.0,2.0,5.0,24.2,38.9,210.3,70.8,1.8,1.0,3.4,9.5,1,1,06:32 AM,07:50 PM,07:22 PM,03:54 AM,Waxing Gibbous,93
Honduras,Tegucigalpa,14.1,-87.22,America/Tegucigalpa,1693301400,2023-08-29 03:30,21.0,69.8,Partly cloudy,3.8,6.1,130,SE,1017.0,30.03,0.0,0.0,88,75,21.0,69.8,10.0,6.0,1.0,6.7,10.8,178.6,16.5,0.5,0.3,1.1,2.4,1,1,05:37 AM,06:02 PM,05:16 PM,04:00 AM,Waxing Gibbous,93
Hungary,Budapest,47.5,19.08,Europe/Budapest,1693301400,2023-08-29 11:30,20.0,68.0,Light rain shower,6.9,11.2,200,SSW,1005.0,29.68,0.1,0.0,88,75,20.0,68.0,10.0,6.0,5.0,4.5,7.2,240.3,83.0,7.7,9.1,13.9,16.2,1,2,05:58 AM,07:31 PM,07:13 PM,03:03 AM,Waxing Gibbous,93
Iceland,Hella,63.83,-20.4,Atlantic/Reykjavik,1693301400,2023-08-29 09:30,11.0,51.8,Sunny,4.3,6.8,80,E,1010.0,29.83,0.0,0.0,82,0,10.5,50.9,10.0,6.0,3.0,5.4,8.6,220.3,45.1,0.2,0.1,0.6,2.9,1,1,05:56 AM,08:48 PM,09:30 PM,01:26 AM,Waxing Gibbous,93
India,New Delhi,28.6,77.2,Asia/Kolkata,1693301400,2023-08-29 15:00,34.0,93.2,Mist,4.3,6.8,250,WSW,1004.0,29.65,0.0,0.0,50,50,33.4,92.2,5.0,3.0,9.0,8.3,13.3,267.0,95.8,4.1,6.7,33.2,131.3,2,3,05:58 AM,06:46 PM,05:52 PM,03:31 AM,Waxing Gibbous,93
Indonesia,Jakarta,-6.21,106.85,Asia/Jakarta,1693301400,2023-08-29 16:30,31.0,87.8,Partly cloudy,16.1,25.9,40,NE,1007.0,29.74,0.0,0.0,63,25,33.2,91.7,8.0,4.0,8.0,15.4,24.8,1268.4,191.7,35.6,39.1,107.0,132.5,4,10,05:55 AM,05:53 PM,04:16 PM,04:07 AM,Waxing Gibbous,93
Iran,Tehran,35.73,51.33,Asia/Tehran,1693301400,2023-08-29 13:00,33.0,91.4,Partly cloudy,9.4,15.1,140,SE,1008.0,29.76,0.0,0.0,15,25,30.9,87.5,10.0,6.0,8.0,8.5,13.7,370.5,135.9,40.4,38.2,24.1,93.3,2,3,05:34 AM,06:37 PM,05:55 PM,03:00 AM,Waxing Gibbous,93
Iraq,Baghdad,33.34,44.39,Asia/Baghdad,1693301400,2023-08-29 12:30,37.0,98.6,Sunny,6.9,11.2,320,NW,1001.0,29.55,0.0,0.0,24,0,35.7,96.3,10.0,6.0,9.0,8.7,14.0,220.3,186.0,3.6,18.6,22.1,63.2,2,2,05:35 AM,06:32 PM,05:48 PM,03:06 AM,Waxing Gibbous,93
Ireland,Dublin,53.33,-6.25,Europe/Dublin,1693301400,2023-08-29 10:30,14.0,57.2,Partly cloudy,13.6,22.0,280,W,1012.0,29.88,0.0,0.0,88,75,12.6,54.6,10.0,6.0,4.0,13.0,20.9,220.3,56.5,1.4,0.9,2.1,3.2,1,1,06:28 AM,08:22 PM,08:20 PM,03:20 AM,Waxing Gibbous,93
Israel,Jerusalem,31.78,35.23,Asia/Jerusalem,1693301400,2023-08-29 12:30,30.0,86.0,Partly cloudy,12.5,20.2,270,W,1006.0,29.71,0.0,0.0,62,50,32.4,90.3,10.0,6.0,7.0,18.8,30.2,220.3,144.5,3.4,5.9,13.6,21.7,1,2,06:12 AM,07:07 PM,06:22 PM,03:49 AM,Waxing Gibbous,93
Italy,Rome,41.9,12.48,Europe/Rome,1693301400,2023-08-29 11:30,21.0,69.8,Moderate rain,2.2,3.6,238,WSW,1002.0,29.59,0.9,0.04,88,50,21.0,69.8,4.0,2.0,5.0,24.2,38.9,210.3,70.8,1.8,1.0,3.4,9.5,1,1,06:32 AM,07:49 PM,07:22 PM,03:54 AM,Waxing Gibbous,93
Jamaica,Norman Gardens,17.97,-76.75,America/Jamaica,1693301400,2023-08-29 04:30,30.0,86.0,Partly cloudy,13.6,22.0,120,ESE,1012.0,29.88,0.0,0.0,84,25,42.7,108.8,10.0,6.0,1.0,5.4,8.6,317.1,14.5,5.9,3.1,3.1,4.8,1,1,05:52 AM,06:23 PM,05:39 PM,04:09 AM,Waxing Gibbous,93
Japan,Tokyo,35.69,139.69,Asia/Tokyo,1693301400,2023-08-29 18:30,32.0,89.6,Partly cloudy,9.4,15.1,190,S,1012.0,29.88,0.0,0.0,59,25,37.9,100.3,10.0,6.0,7.0,23.9,38.5,220.3,37.6,39.4,25.0,6.6,11.7,1,1,05:11 AM,06:14 PM,05:22 PM,02:17 AM,Waxing Gibbous,93
Jordan,Amman,31.95,35.93,Asia/Amman,1693301400,2023-08-29 12:30,27.0,80.6,Partly cloudy,11.9,19.1,270,W,1011.0,29.85,0.0,0.0,51,50,27.2,81.0,6.0,3.0,7.0,22.8,36.7,230.3,131.6,1.2,3.7,15.2,25.9,1,2,06:09 AM,07:05 PM,06:19 PM,03:45 AM,Waxing Gibbous,93
Kazakhstan,Astana,51.18,71.43,Asia/Almaty,1693301400,2023-08-29 15:30,22.0,71.6,Partly cloudy,19.2,31.0,200,SSW,1005.0,29.68,0.0,0.0,29,37,23.5,74.3,10.0,6.0,5.0,23.7,38.2,247.0,73.7,2.7,8.1,3.1,6.9,1,1,06:22 AM,08:08 PM,07:54 PM,03:01 AM,Waxing Gibbous,93
Kenya,Nairobi,-1.28,36.82,Africa/Nairobi,1693301400,2023-08-29 12:30,21.0,69.8,Partly cloudy,10.5,16.9,150,SSE,1027.0,30.33,0.0,0.0,43,75,21.0,69.8,10.0,6.0,6.0,5.8,9.4,494.0,63.7,3.6,5.7,8.5,21.1,1,1,06:31 AM,06:36 PM,05:17 PM,04:50 AM,Waxing Gibbous,93
Kiribati,Tarawa,-0.88,169.53,Pacific/Tarawa,1693301400,2023-08-29 21:30,28.9,84.0,Light rain shower,10.3,16.6,82,E,1010.0,29.82,0.2,0.01,77,51,33.7,92.7,10.0,6.0,1.0,13.9,22.3,170.2,12.7,0.0,0.0,0.5,1.9,1,1,06:40 AM,06:46 PM,05:04 PM,04:35 AM,Waxing Gibbous,93
Kuwait,Kuwait City,29.37,47.96,Asia/Kuwait,1693301400,2023-08-29 12:30,39.6,103.3,Sunny,2.2,3.6,127,SE,999.0,29.5,0.0,0.0,23,0,40.3,104.5,10.0,6.0,9.0,2.5,4.0,687.6,181.7,94.6,22.9,45.7,122.6,3,5,05:24 AM,06:14 PM,05:25 PM,03:01 AM,Waxing Gibbous,93
Kyrghyzstan,Bishkek,42.87,74.6,Asia/Bishkek,1693301400,2023-08-29 15:30,27.4,81.3,Sunny,6.0,9.7,29,NNE,1006.0,29.7,0.0,0.0,20,19,25.6,78.1,10.0,6.0,7.0,6.9,11.2,208.6,104.4,0.8,1.5,2.0,3.0,1,1,06:22 AM,07:43 PM,07:10 PM,03:28 AM,Waxing Gibbous,93
Indonesia,Laos,-8.18,114.32,Asia/Jakarta,1693301400,2023-08-29 16:30,27.9,82.2,Sunny,7.6,12.2,154,SSE,1010.0,29.82,0.0,0.0,60,4,29.6,85.3,10.0,6.0,7.0,8.7,14.0,380.5,73.7,2.2,2.2,11.7,21.7,1,1,05:26 AM,05:22 PM,03:42 PM,03:40 AM,Waxing Gibbous,93
Latvia,Riga,56.95,24.1,Europe/Riga,1693301400,2023-08-29 12:30,16.0,60.8,Light rain,5.6,9.0,130,SE,1012.0,29.88,0.0,0.0,94,0,16.0,60.8,10.0,6.0,5.0,2.0,3.2,217.0,70.8,1.6,0.8,4.3,4.7,1,1,06:19 AM,08:29 PM,08:37 PM,02:42 AM,Waxing Gibbous,93
Lebanon,Beirut,33.87,35.51,Asia/Beirut,1693302300,2023-08-29 12:45,30.0,86.0,Partly cloudy,15.0,24.1,220,SW,1007.0,29.74,0.0,0.0,62,75,34.0,93.2,6.0,3.0,7.0,20.4,32.8,237.0,108.7,0.6,2.3,15.8,31.5,2,2,06:09 AM,07:08 PM,06:26 PM,03:42 AM,Waxing Gibbous,93
Lesotho,Maseru,-29.32,27.48,Africa/Johannesburg,1693302300,2023-08-29 11:45,18.9,66.0,Sunny,2.7,4.3,269,W,1030.0,30.42,0.0,0.0,15,0,18.9,66.0,10.0,6.0,5.0,3.1,5.0,847.8,94.4,2.8,3.8,69.6,77.6,4,9,06:29 AM,05:54 PM,04:06 PM,05:24 AM,Waxing Gibbous,93
Liberia,Monrovia,6.31,-10.8,Africa/Monrovia,1693302300,2023-08-29 09:45,25.0,77.0,Partly cloudy,2.2,3.6,10,N,1014.0,29.94,1.3,0.05,94,75,27.0,80.6,10.0,6.0,6.0,4.0,6.5,270.4,44.0,0.3,0.3,2.8,3.7,1,1,06:36 AM,06:52 PM,05:47 PM,04:55 AM,Waxing Gibbous,93
Thailand,Nan,18.78,100.78,Asia/Bangkok,1693302300,2023-08-29 16:45,33.0,91.4,Partly cloudy,2.2,3.6,172,S,1003.0,29.62,4.8,0.19,63,25,51.4,124.6,10.0,6.0,6.0,2.9,4.7,327.1,29.0,4.4,3.9,8.3,9.2,1,1,06:01 AM,06:34 PM,05:25 PM,03:44 AM,Waxing Gibbous,93
Liechtenstein,Vaduz,47.13,9.52,Europe/Vaduz,1693302300,2023-08-29 11:45,12.0,53.6,Light rain,4.3,6.8,90,E,1012.0,29.88,0.2,0.01,100,75,12.5,54.4,10.0,6.0,2.0,0.4,0.7,212.0,36.1,5.4,1.0,4.3,4.6,1,1,06:36 AM,08:08 PM,07:51 PM,03:45 AM,Waxing Gibbous,93
Lithuania,Vilnius,54.68,25.32,Europe/Vilnius,1693301400,2023-08-29 12:30,17.0,62.6,Moderate or heavy rain with thunder,8.1,13.0,20,NNE,1011.0,29.85,0.1,0.0,94,75,17.0,62.6,10.0,6.0,5.0,11.2,18.0,207.0,90.8,1.3,2.2,3.6,4.3,1,1,06:19 AM,08:19 PM,08:19 PM,02:55 AM,Waxing Gibbous,93
Luxembourg,Luxembourg,49.61,6.13,Europe/Luxembourg,1693302300,2023-08-29 11:45,16.0,60.8,Partly cloudy,6.9,11.2,310,NW,1012.0,29.88,0.1,0.0,77,25,16.0,60.8,10.0,6.0,4.0,5.6,9.0,208.6,61.5,8.6,0.9,4.9,5.8,1,1,06:46 AM,08:26 PM,08:13 PM,03:48 AM,Waxing Gibbous,93
Madagascar,Antananarivo,-18.92,47.52,Indian/Antananarivo,1693302300,2023-08-29 12:45,21.0,69.8,Partly cloudy,15.0,24.1,140,SE,1026.0,30.3,0.2,0.01,56,75,21.0,69.8,10.0,6.0,4.0,13.2,21.2,273.7,57.9,0.6,1.0,1.8,3.6,1,1,06:01 AM,05:42 PM,04:02 PM,04:38 AM,Waxing Gibbous,93
Malawi,Lilongwe,-13.98,33.78,Africa/Blantyre,1693302300,2023-08-29 11:45,18.0,64.4,Partly cloudy,11.9,19.1,220,SW,1029.0,30.39,0.0,0.0,88,25,18.0,64.4,10.0,6.0,6.0,7.2,11.5,253.7,60.8,0.4,0.7,2.2,3.9,1,1,05:52 AM,05:40 PM,04:09 PM,04:25 AM,Waxing Gibbous,93
Malaysia,Kuala Lumpur,3.17,101.7,Asia/Kuala_Lumpur,1693302300,2023-08-29 17:45,27.0,80.6,Moderate or heavy rain with thunder,2.2,3.6,234,SW,1007.0,29.74,1.4,0.06,89,25,29.4,84.9,9.0,5.0,6.0,5.6,9.0,7370.0,29.3,241.3,96.3,126.8,141.1,4,10,07:09 AM,07:20 PM,05:54 PM,05:11 AM,Waxing Gibbous,93
Maldives,Farukolhufunadhoo,6.15,73.27,Indian/Maldives,1693301400,2023-08-29 14:30,25.3,77.5,Torrential rain shower,26.6,42.8,292,WNW,1010.0,29.83,9.4,0.37,87,100,28.1,82.6,3.0,1.0,6.0,49.4,79.6,160.2,39.0,0.3,0.1,0.5,0.9,1,1,06:01 AM,06:15 PM,04:57 PM,04:04 AM,Waxing Gibbous,93
Mali,Bamako,12.65,-8.0,Africa/Bamako,1693302300,2023-08-29 09:45,23.0,73.4,Light rain,8.1,13.0,200,SSW,1016.0,30.0,2.3,0.09,100,25,25.1,77.3,10.0,6.0,5.0,7.6,12.2,423.9,9.8,1.8,1.7,4.3,6.9,1,1,06:21 AM,06:45 PM,05:46 PM,04:31 AM,Waxing Gibbous,93
Malta,Valletta,35.9,14.51,Europe/Malta,1693301400,2023-08-29 11:30,28.0,82.4,Partly cloudy,12.5,20.2,300,WNW,1012.0,29.88,0.0,0.0,42,25,29.3,84.7,10.0,6.0,7.0,19.0,30.6,196.9,83.0,0.4,0.8,3.3,12.9,1,1,06:31 AM,07:34 PM,06:57 PM,04:04 AM,Waxing Gibbous,93
Marshall Islands,Majuro,7.1,171.38,Pacific/Majuro,1693302300,2023-08-29 21:45,29.0,84.2,Overcast,6.9,11.2,70,ENE,1008.0,29.77,0.0,0.0,75,100,33.8,92.8,24.0,14.0,1.0,12.1,19.4,171.9,27.9,0.0,0.1,1.0,2.6,1,1,06:27 AM,06:44 PM,05:11 PM,04:12 AM,Waxing Gibbous,93
Mauritania,Nouakchott,18.09,-15.98,Africa/Nouakchott,1693302300,2023-08-29 09:45,28.6,83.5,Sunny,12.3,19.8,133,SE,1013.0,29.9,0.0,0.0,70,11,32.0,89.6,10.0,6.0,7.0,17.2,27.7,377.2,38.6,1.5,1.5,15.9,46.5,2,2,06:49 AM,07:21 PM,06:27 PM,04:55 AM,Waxing Gibbous,93
Mauritius,Port Louis,-20.16,57.5,Indian/Mauritius,1693301400,2023-08-29 13:30,26.0,78.8,Partly cloudy,9.4,15.1,150,SSE,1021.0,30.15,0.0,0.0,70,75,27.1,80.8,10.0,6.0,7.0,12.3,19.8,230.3,66.5,3.0,3.9,6.9,10.4,1,1,06:21 AM,06:01 PM,04:18 PM,04:59 AM,Waxing Gibbous,93
Mexico,Mexico City,19.43,-99.13,America/Mexico_City,1693302300,2023-08-29 03:45,16.0,60.8,Partly cloudy,6.9,11.2,290,WNW,1026.0,30.31,0.0,0.0,77,50,16.0,60.8,16.0,9.0,1.0,3.8,6.1,460.6,0.4,18.9,14.8,15.5,23.6,2,2,06:20 AM,06:54 PM,06:14 PM,04:40 AM,Waxing Gibbous,93
Micronesia,Palikir,6.92,158.15,Pacific/Pohnpei,1693302300,2023-08-29 20:45,26.0,78.8,Light rain,3.8,6.1,340,NNW,1009.0,29.79,0.3,0.01,100,100,28.1,82.5,23.0,14.0,1.0,9.8,15.8,171.9,10.0,0.1,0.0,0.5,0.7,1,1,06:20 AM,06:36 PM,05:05 PM,04:08 AM,Waxing Gibbous,93
Russia,Chi-Chi-Erh,51.7,94.45,Asia/Krasnoyarsk,1693302300,2023-08-29 16:45,36.5,97.7,Overcast,12.8,20.5,203,SSW,1004.0,29.66,0.0,0.0,12,98,35.1,95.2,10.0,6.0,8.0,14.8,23.8,163.6,94.4,0.7,0.9,4.6,18.2,1,1,05:49 AM,07:37 PM,07:23 PM,02:20 AM,Waxing Gibbous,93
Monaco,Monaco,43.73,7.42,Europe/Monaco,1693302300,2023-08-29 11:45,22.0,71.6,Partly cloudy,12.5,20.2,170,S,1002.0,29.59,0.0,0.0,73,50,24.5,76.1,10.0,6.0,6.0,13.9,22.3,213.6,70.8,3.0,0.8,0.8,1.2,1,1,06:50 AM,08:12 PM,07:48 PM,04:08 AM,Waxing Gibbous,93
Mongolia,Ulaanbaatar,47.92,106.92,Asia/Ulaanbaatar,1693301400,2023-08-29 17:30,26.0,78.8,Partly cloudy,6.9,11.2,260,W,1018.0,30.06,0.0,0.0,32,25,29.0,84.2,10.0,6.0,4.0,3.8,6.1,560.8,14.0,47.3,60.1,28.9,32.9,2,3,06:05 AM,07:41 PM,07:16 PM,02:48 AM,Waxing Gibbous,93
Montenegro,Podgorica,42.44,19.26,Europe/Podgorica,1693302300,2023-08-29 11:45,25.0,77.0,Partly cloudy,2.2,3.6,175,S,1006.0,29.71,0.3,0.01,65,50,26.3,79.3,10.0,6.0,5.0,8.9,14.4,277.0,105.9,0.3,2.8,11.9,12.1,1,1,06:04 AM,07:23 PM,06:55 PM,03:23 AM,Waxing Gibbous,93
Morocco,Rabat,34.03,-6.84,Africa/Casablanca,1693301400,2023-08-29 10:30,24.0,75.2,Sunny,6.9,11.2,280,W,1013.0,29.91,0.0,0.0,78,0,25.6,78.1,5.0,3.0,6.0,8.5,13.7,217.0,85.8,0.9,1.6,8.0,23.9,1,1,06:59 AM,07:58 PM,07:21 PM,04:40 AM,Waxing Gibbous,93
Mozambique,Maputo,-25.97,32.59,Africa/Maputo,1693302300,2023-08-29 11:45,21.0,69.8,Partly cloudy,10.5,16.9,140,SE,1033.0,30.5,0.1,0.0,64,75,21.0,69.8,10.0,6.0,5.0,6.3,10.1,500.7,67.2,1.9,3.0,8.6,18.3,1,1,06:06 AM,05:36 PM,03:52 PM,04:55 AM,Waxing Gibbous,93
Myanmar,Pathein,16.78,94.73,Asia/Yangon,1693302300,2023-08-29 16:15,30.0,86.0,Partly cloudy,10.3,16.6,259,W,1002.0,29.58,0.0,0.0,68,62,34.7,94.5,10.0,6.0,8.0,13.6,22.0,233.7,52.9,0.4,0.1,4.0,4.4,1,1,05:57 AM,06:27 PM,05:17 PM,03:44 AM,Waxing Gibbous,93
Namibia,Windhoek,-22.57,17.08,Africa/Windhoek,1693302300,2023-08-29 11:45,20.0,68.0,Sunny,3.8,6.1,300,WNW,1031.0,30.45,0.0,0.0,43,0,20.0,68.0,10.0,6.0,7.0,11.2,18.0,347.1,107.3,0.7,0.5,22.4,31.8,2,2,07:05 AM,06:41 PM,05:03 PM,05:52 AM,Waxing Gibbous,93
Turkey,Yaren,39.55,27.62,Europe/Istanbul,1693302300,2023-08-29 12:45,28.0,82.4,Sunny,2.2,3.6,31,NNE,1007.0,29.74,0.0,0.0,55,0,27.0,80.6,10.0,6.0,8.0,3.1,5.0,223.6,107.3,0.6,2.2,10.3,12.0,1,1,06:34 AM,07:46 PM,07:13 PM,03:58 AM,Waxing Gibbous,93
Nepal,Kathmandu,27.72,85.32,Asia/Kathmandu,1693302300,2023-08-29 15:30,28.0,82.4,Partly cloudy,6.9,11.2,290,WNW,1010.0,29.83,0.5,0.02,58,75,32.0,89.6,8.0,4.0,5.0,5.8,9.4,480.7,89.4,2.3,2.5,32.3,35.2,2,3,05:41 AM,06:28 PM,05:32 PM,03:14 AM,Waxing Gibbous,93
Netherlands,Amsterdam,52.37,4.89,Europe/Amsterdam,1693301400,2023-08-29 11:30,19.0,66.2,Partly cloudy,9.4,15.1,200,SSW,1011.0,29.85,0.0,0.0,73,25,19.0,66.2,10.0,6.0,5.0,5.1,8.3,237.0,58.7,20.6,3.8,5.7,7.2,1,1,06:46 AM,08:36 PM,08:30 PM,03:38 AM,Waxing Gibbous,93
New Zealand,Wellington,-41.3,174.78,Pacific/Auckland,1693301400,2023-08-29 21:30,9.0,48.2,Clear,11.9,19.1,30,NNE,1024.0,30.24,0.0,0.0,81,0,6.6,43.9,10.0,6.0,1.0,17.9,28.8,213.6,63.7,0.2,0.3,0.5,1.6,1,1,06:52 AM,05:53 PM,03:13 PM,05:51 AM,Waxing Gibbous,93
Nicaragua,Managua,12.15,-86.27,America/Managua,1693302300,2023-08-29 03:45,25.0,77.0,Partly cloudy,2.2,3.6,10,N,1010.0,29.81,0.0,0.0,100,25,27.8,82.0,10.0,6.0,1.0,2.0,3.2,237.0,12.0,2.0,10.1,22.7,24.4,2,2,05:35 AM,05:57 PM,05:09 PM,04:00 AM,Waxing Gibbous,93
Niger,Niamey,13.52,2.12,Africa/Niamey,1693302300,2023-08-29 10:45,30.0,86.0,Sunny,11.9,19.1,250,WSW,1015.0,29.97,0.0,0.0,62,0,31.8,89.3,10.0,6.0,8.0,12.5,20.2,500.7,26.1,0.7,0.7,5.0,8.0,1,1,06:40 AM,07:05 PM,06:05 PM,04:48 AM,Waxing Gibbous,93
Nigeria,Abuja,9.18,7.18,Africa/Lagos,1693302300,2023-08-29 10:45,28.0,82.4,Partly cloudy,6.9,11.2,260,W,1017.0,30.03,0.0,0.0,74,50,31.6,88.9,10.0,6.0,6.0,3.6,5.8,594.1,25.4,0.9,0.1,8.8,11.6,1,1,06:23 AM,06:42 PM,05:37 PM,04:34 AM,Waxing Gibbous,93
North Korea,Pyongyang,39.02,125.75,Asia/Pyongyang,1693302300,2023-08-29 18:45,22.0,71.6,Patchy rain possible,6.3,10.1,240,WSW,1006.0,29.69,0.1,0.0,88,83,24.5,76.1,10.0,6.0,5.0,8.9,14.4,460.6,14.7,42.8,78.2,17.2,19.0,2,2,06:02 AM,07:13 PM,06:28 PM,03:05 AM,Waxing Gibbous,93
Macedonia,Skopje,42.0,21.43,Europe/Skopje,1693301400,2023-08-29 11:30,30.0,86.0,Partly cloudy,2.2,3.6,48,NE,1005.0,29.68,0.0,0.0,43,25,29.5,85.1,10.0,6.0,8.0,3.8,6.1,243.7,104.4,2.1,21.5,25.2,29.4,2,3,05:56 AM,07:14 PM,06:45 PM,03:16 AM,Waxing Gibbous,93
Norway,Oslo,59.92,10.75,Europe/Oslo,1693301400,2023-08-29 11:30,12.0,53.6,Moderate rain,18.6,29.9,220,SW,1004.0,29.65,0.0,0.0,94,75,12.5,54.4,10.0,6.0,4.0,1.8,2.9,196.9,26.8,16.3,13.0,5.3,6.4,1,1,06:04 AM,08:30 PM,08:51 PM,02:10 AM,Waxing Gibbous,93
Oman,Muscat,23.61,58.59,Asia/Muscat,1693302300,2023-08-29 13:45,33.0,91.4,Sunny,15.0,24.1,50,NE,1000.0,29.53,0.0,0.0,80,0,40.9,105.7,9.0,5.0,8.0,11.9,19.1,180.2,81.5,0.5,0.9,38.2,150.3,2,4,05:47 AM,06:27 PM,05:29 PM,03:31 AM,Waxing Gibbous,93
Pakistan,Islamabad,33.7,73.17,Asia/Karachi,1693302300,2023-08-29 14:45,31.9,89.4,Sunny,3.6,5.8,229,SW,1005.0,29.66,0.0,0.0,45,13,33.7,92.7,10.0,6.0,8.0,4.0,6.5,1442.0,277.5,31.9,6.1,88.4,94.5,4,10,05:39 AM,06:37 PM,05:51 PM,03:04 AM,Waxing Gibbous,93
Palau,Adkip,7.36,134.51,Pacific/Palau,1693302300,2023-08-29 18:45,29.0,84.2,Partly cloudy,11.9,19.1,270,W,1008.0,29.75,0.0,0.0,84,75,35.3,95.5,14.0,8.0,1.0,16.1,25.9,183.6,27.2,0.1,0.1,1.9,5.4,1,1,05:55 AM,06:11 PM,04:44 PM,03:46 AM,Waxing Gibbous,93
Bolivia,National,-11.18,-67.08,America/La_Paz,1693302300,2023-08-29 05:45,22.5,72.5,Clear,2.2,3.6,289,WNW,1011.0,29.85,0.0,0.0,57,16,24.7,76.5,10.0,6.0,1.0,2.9,4.7,640.9,28.3,0.8,0.2,51.3,51.5,3,6,06:33 AM,06:25 PM,05:15 PM,05:20 AM,Waxing Gibbous,93
Panama,Panama City,8.97,-79.53,America/Panama,1693301400,2023-08-29 04:30,27.0,80.6,Partly cloudy,3.8,6.1,350,N,1011.0,29.85,0.6,0.02,89,75,31.6,88.9,9.0,5.0,1.0,4.7,7.6,534.1,0.4,9.3,8.4,5.9,7.9,1,1,06:10 AM,06:28 PM,05:37 PM,04:37 AM,Waxing Gibbous,93
Papua New Guinea,Port Moresby,-9.46,147.19,Pacific/Port_Moresby,1693302300,2023-08-29 19:45,24.4,75.9,Clear,17.7,28.4,142,SE,1011.0,29.86,0.0,0.0,80,22,26.4,79.5,10.0,6.0,1.0,25.5,41.0,200.3,50.1,2.5,2.2,5.9,16.7,1,1,06:15 AM,06:09 PM,04:22 PM,04:25 AM,Waxing Gibbous,93
Paraguay,Carreria,-21.55,-58.12,America/Asuncion,1693302300,2023-08-29 05:45,22.8,73.0,Overcast,2.9,4.7,138,SE,1012.0,29.89,0.0,0.0,40,99,24.2,75.6,10.0,6.0,1.0,5.4,8.6,300.4,12.5,0.5,0.1,5.2,5.5,1,1,06:05 AM,05:43 PM,04:20 PM,05:02 AM,Waxing Gibbous,93
Peru,Lima,-12.05,-77.05,America/Lima,1693301400,2023-08-29 04:30,16.2,61.2,Partly cloudy,6.7,10.8,174,S,1014.0,29.93,0.0,0.0,86,58,16.2,61.2,10.0,6.0,1.0,10.5,16.9,277.0,38.6,14.1,15.3,13.2,30.7,1,2,06:14 AM,06:05 PM,04:55 PM,05:03 AM,Waxing Gibbous,93
Philippines,Manila,14.6,120.98,Asia/Manila,1693302300,2023-08-29 17:45,27.0,80.6,Light rain,12.5,20.2,240,WSW,1002.0,29.59,0.7,0.03,89,100,30.1,86.3,10.0,6.0,6.0,23.9,38.5,277.0,39.7,5.4,1.4,1.2,4.1,1,1,05:44 AM,06:10 PM,04:53 PM,03:28 AM,Waxing Gibbous,93
Poland,Warsaw,52.25,21.0,Europe/Warsaw,1693302300,2023-08-29 11:45,22.0,71.6,Partly cloudy,4.3,6.8,130,SE,1005.0,29.68,0.0,0.0,83,75,24.5,76.1,10.0,6.0,7.0,5.4,8.6,203.6,65.8,1.8,1.1,1.9,2.4,1,1,05:42 AM,07:32 PM,07:25 PM,02:29 AM,Waxing Gibbous,93
Portugal,Lisbon,38.72,-9.13,Europe/Lisbon,1693301400,2023-08-29 10:30,21.0,69.8,Partly cloudy,2.2,3.6,357,N,1019.0,30.09,0.0,0.0,69,25,21.0,69.8,10.0,6.0,6.0,24.2,38.9,223.6,63.7,1.9,0.9,4.6,8.9,1,1,07:03 AM,08:12 PM,07:42 PM,04:36 AM,Waxing Gibbous,93
Qatar,Doha,25.29,51.53,Asia/Qatar,1693302300,2023-08-29 12:45,38.0,100.4,Sunny,11.9,19.1,110,ESE,1000.0,29.53,0.0,0.0,54,0,42.6,108.7,10.0,6.0,9.0,16.1,25.9,427.3,147.3,126.1,169.8,46.1,101.1,3,5,05:13 AM,05:56 PM,05:01 PM,02:56 AM,Waxing Gibbous,93
Romania,Bucharest,44.43,26.1,Europe/Bucharest,1693301400,2023-08-29 12:30,35.0,95.0,Sunny,10.5,16.9,120,ESE,1006.0,29.71,0.0,0.0,32,0,33.6,92.5,10.0,6.0,9.0,17.0,27.4,220.3,104.4,1.6,1.4,5.8,6.7,1,1,06:34 AM,07:58 PM,07:34 PM,03:47 AM,Waxing Gibbous,93
Russia,Moscow,55.75,37.62,Europe/Moscow,1693301400,2023-08-29 12:30,16.0,60.8,Partly cloudy,9.4,15.1,150,SSE,1013.0,29.91,0.0,0.0,68,75,16.0,60.8,10.0,6.0,3.0,8.9,14.4,287.1,25.8,35.0,23.4,4.5,6.3,1,1,05:28 AM,07:33 PM,07:35 PM,01:55 AM,Waxing Gibbous,93
Rwanda,Kigali,-1.95,30.06,Africa/Kigali,1693302300,2023-08-29 11:45,26.0,78.8,Partly cloudy,13.6,22.0,160,SSE,1024.0,30.24,0.0,0.0,34,50,25.1,77.3,10.0,6.0,7.0,7.4,11.9,210.3,54.4,0.3,0.6,2.5,4.0,1,1,05:59 AM,06:03 PM,04:44 PM,04:19 AM,Waxing Gibbous,93
Saint Kitts and Nevis,Basseterre,17.3,-62.72,America/St_Kitts,1693302300,2023-08-29 05:45,28.0,82.4,Clear,10.5,16.9,90,E,1015.0,29.97,0.0,0.0,84,0,32.0,89.7,10.0,6.0,1.0,24.2,38.9,247.0,14.8,0.7,0.3,1.2,3.2,1,1,05:57 AM,06:27 PM,05:40 PM,04:12 AM,Waxing Gibbous,93
Saint Lucia,Castries,14.0,-61.0,America/St_Lucia,1693302300,2023-08-29 05:45,27.0,80.6,Partly cloudy,16.1,25.9,70,ENE,1014.0,29.94,0.4,0.02,89,50,30.5,86.8,10.0,6.0,1.0,21.0,33.8,191.9,20.7,0.1,0.1,2.3,6.0,1,1,05:52 AM,06:17 PM,05:28 PM,04:11 AM,Waxing Gibbous,93
Saint Vincent and the Grenadines,Kingstown,13.13,-61.22,America/St_Vincent,1693302300,2023-08-29 05:45,28.8,83.8,Patchy rain possible,18.1,29.2,68,ENE,1014.0,29.94,0.9,0.04,78,82,33.7,92.7,9.0,5.0,1.0,24.6,39.6,186.9,20.7,0.5,0.4,1.8,5.5,1,1,05:54 AM,06:18 PM,05:27 PM,04:13 AM,Waxing Gibbous,93
Samoa,Apia,-13.83,-171.73,Pacific/Apia,1693302300,2023-08-29 22:45,26.0,78.8,Partly cloudy,12.5,20.2,110,ESE,1013.0,29.91,0.6,0.02,84,75,28.7,83.7,10.0,6.0,1.0,32.4,52.2,186.9,62.2,0.3,0.3,3.3,16.1,1,1,06:34 AM,06:22 PM,04:22 PM,04:43 AM,Waxing Gibbous,93
San Marino,San Marino,43.93,12.45,Europe/Rome,1693302300,2023-08-29 11:45,21.0,69.8,Partly cloudy,9.4,15.1,310,NW,1000.0,29.53,0.0,0.0,64,50,21.0,69.8,10.0,6.0,6.0,12.3,19.8,217.0,65.8,0.8,0.6,1.2,1.3,1,1,06:29 AM,07:52 PM,07:28 PM,03:46 AM,Waxing Gibbous,93
Belgium,'S-Gravenwezel,51.27,4.55,Europe/Brussels,1693302300,2023-08-29 11:45,17.0,62.6,Partly cloudy,4.3,6.8,260,W,1012.0,29.88,0.0,0.0,77,25,17.0,62.6,10.0,6.0,5.0,6.3,10.1,223.6,46.5,17.8,4.8,5.5,7.9,1,1,06:49 AM,08:35 PM,08:27 PM,03:46 AM,Waxing Gibbous,93
Saudi Arabia,Riyadh,24.64,46.77,Asia/Riyadh,1693301400,2023-08-29 12:30,42.0,107.6,Sunny,5.6,9.0,130,SE,1004.0,29.65,0.0,0.0,6,0,43.0,109.3,10.0,6.0,10.0,7.4,11.9,253.7,160.2,30.9,79.2,59.0,211.6,3,8,05:33 AM,06:15 PM,05:20 PM,03:18 AM,Waxing Gibbous,93
Senegal,Dakar,14.67,-17.44,Africa/Dakar,1693302300,2023-08-29 09:45,27.0,80.6,Partly cloudy,4.3,6.8,220,SW,1011.0,29.85,3.6,0.14,89,50,30.1,86.3,10.0,6.0,6.0,24.4,39.2,300.4,33.6,0.7,0.6,8.9,10.1,1,1,06:57 AM,07:24 PM,06:28 PM,05:07 AM,Waxing Gibbous,93
Serbia,Belgrade,44.8,20.47,Europe/Belgrade,1693301400,2023-08-29 11:30,24.0,75.2,Partly cloudy,11.9,19.1,140,SE,1003.0,29.62,0.1,0.0,65,25,25.3,77.6,10.0,6.0,5.0,8.1,13.0,243.7,91.6,3.1,4.4,14.1,15.4,1,2,05:56 AM,07:21 PM,06:58 PM,03:09 AM,Waxing Gibbous,93
Seychelles Islands,Victoria,-4.62,55.45,Indian/Mahe,1693301400,2023-08-29 13:30,26.3,79.3,Light rain shower,21.9,35.3,154,SSE,1011.0,29.86,0.5,0.02,85,96,29.5,85.1,10.0,6.0,6.0,29.8,47.9,190.3,38.3,0.2,0.6,4.1,8.5,1,1,06:19 AM,06:19 PM,04:54 PM,04:38 AM,Waxing Gibbous,93
Sierra Leone,Freetown,8.49,-13.23,Africa/Freetown,1693302300,2023-08-29 09:45,24.0,75.2,Partly cloudy,2.2,3.6,156,SSE,1014.0,29.94,1.5,0.06,100,75,26.2,79.1,10.0,6.0,6.0,4.3,6.8,343.8,19.0,0.6,0.2,1.6,3.1,1,1,06:45 AM,07:03 PM,06:01 PM,05:01 AM,Waxing Gibbous,93
Singapore,Singapore,1.29,103.86,Asia/Singapore,1693301400,2023-08-29 17:30,31.0,87.8,Partly cloudy,6.9,11.2,160,SSE,1007.0,29.74,0.4,0.02,59,75,37.5,99.6,10.0,6.0,6.0,13.6,22.0,694.3,44.7,41.5,30.3,23.6,26.2,2,2,07:02 AM,07:10 PM,05:42 PM,05:05 AM,Waxing Gibbous,93
Slovakia,Bratislava,48.15,17.12,Europe/Bratislava,1693301400,2023-08-29 11:30,19.0,66.2,Light rain shower,8.1,13.0,300,WNW,1004.0,29.65,0.0,0.0,88,75,19.0,66.2,10.0,6.0,4.0,14.3,23.0,243.7,62.9,4.7,3.0,12.1,12.7,1,2,06:05 AM,07:40 PM,07:23 PM,03:08 AM,Waxing Gibbous,93
Slovenia,Ljubljana,46.06,14.51,Europe/Ljubljana,1693301400,2023-08-29 11:30,16.0,60.8,Light rain shower,6.9,11.2,260,W,1002.0,29.59,0.8,0.03,100,75,16.0,60.8,4.0,2.0,4.0,5.6,9.0,217.0,85.8,1.2,0.8,3.0,3.6,1,1,06:18 AM,07:47 PM,07:26 PM,03:29 AM,Waxing Gibbous,93
Solomon Islands,Honiara,-9.43,159.95,Pacific/Guadalcanal,1693302300,2023-08-29 20:45,27.0,80.6,Partly cloudy,4.3,6.8,230,SW,1008.0,29.77,0.1,0.0,79,75,31.0,87.9,10.0,6.0,1.0,5.6,9.0,186.9,41.8,1.4,1.0,1.3,2.8,1,1,06:24 AM,06:18 PM,04:29 PM,04:32 AM,Waxing Gibbous,93
Somalia,Mogadishu,2.07,45.37,Africa/Mogadishu,1693302300,2023-08-29 12:45,29.0,84.2,Partly cloudy,17.4,28.1,190,S,1015.0,29.97,0.0,0.0,84,75,33.1,91.7,10.0,6.0,7.0,24.2,38.9,186.9,30.4,0.0,0.2,7.8,16.2,1,1,05:55 AM,06:04 PM,04:47 PM,04:08 AM,Waxing Gibbous,93
South Africa,Pretoria,-25.75,28.19,Africa/Johannesburg,1693302300,2023-08-29 11:45,18.0,64.4,Sunny,4.3,6.8,50,NE,1036.0,30.59,0.0,0.0,30,0,18.0,64.4,10.0,6.0,5.0,4.7,7.6,614.2,128.8,13.2,52.5,56.3,79.1,3,7,06:23 AM,05:54 PM,04:10 PM,05:13 AM,Waxing Gibbous,93
South Korea,Seoul,37.57,127.0,Asia/Seoul,1693301400,2023-08-29 18:30,23.0,73.4,Light rain,4.3,6.8,240,WSW,1007.0,29.74,0.0,0.0,94,100,25.2,77.3,10.0,6.0,1.0,13.2,21.2,307.1,35.8,16.6,5.7,4.9,5.7,1,1,05:59 AM,07:07 PM,06:18 PM,03:05 AM,Waxing Gibbous,93
Sudan,Juba,12.15,24.45,Africa/Khartoum,1693302300,2023-08-29 11:45,31.2,88.2,Sunny,9.8,15.8,235,SW,1011.0,29.85,0.0,0.0,43,3,32.1,89.8,10.0,6.0,8.0,11.4,18.4,273.7,22.7,0.3,0.2,8.1,39.6,1,1,06:11 AM,06:34 PM,05:30 PM,04:17 AM,Waxing Gibbous,93
Spain,Madrid,40.4,-3.68,Europe/Madrid,1693302300,2023-08-29 11:45,20.0,68.0,Sunny,3.8,6.1,230,SW,1018.0,30.06,0.0,0.0,49,0,20.0,68.0,10.0,6.0,6.0,0.9,1.4,233.7,117.3,5.1,0.4,2.5,3.6,1,1,07:39 AM,08:52 PM,08:23 PM,05:07 AM,Waxing Gibbous,93
Sri Lanka,Colombo,6.93,79.85,Asia/Colombo,1693302300,2023-08-29 15:15,31.0,87.8,Partly cloudy,18.6,29.9,240,WSW,1008.0,29.77,0.1,0.0,66,50,39.7,103.4,10.0,6.0,6.0,17.4,28.1,210.3,25.0,4.2,2.7,1.5,3.8,1,1,06:04 AM,06:19 PM,05:01 PM,04:05 AM,Waxing Gibbous,93
Sudan,Khartoum,15.59,32.53,Africa/Khartoum,1693302300,2023-08-29 11:45,30.4,86.7,Partly cloudy,18.1,29.2,217,SW,1009.0,29.8,0.0,0.0,49,58,31.9,89.4,10.0,6.0,8.0,20.8,33.5,290.4,42.9,0.8,0.7,13.0,68.5,1,2,05:37 AM,06:05 PM,05:02 PM,03:37 AM,Waxing Gibbous,93
Suriname,Paramaribo,5.83,-55.17,America/Paramaribo,1693302300,2023-08-29 06:45,25.0,77.0,Partly cloudy,2.2,3.6,10,N,1013.0,29.91,0.0,0.0,94,25,28.1,82.6,10.0,6.0,1.0,10.1,16.2,217.0,19.3,0.3,0.4,1.0,2.9,1,1,06:34 AM,06:49 PM,05:51 PM,05:01 AM,Waxing Gibbous,93
Sweden,Stockholm,59.33,18.05,Europe/Stockholm,1693302300,2023-08-29 11:45,18.0,64.4,Sunny,10.5,16.9,200,SSW,1009.0,29.8,0.0,0.0,64,0,18.0,64.4,10.0,6.0,5.0,7.4,11.9,230.3,51.5,8.1,9.5,2.8,6.1,1,1,05:37 AM,07:59 PM,08:17 PM,01:46 AM,Waxing Gibbous,93
Switzerland,Bern,46.92,7.47,Europe/Zurich,1693301400,2023-08-29 11:30,14.0,57.2,Partly cloudy,2.2,3.6,153,SSE,1013.0,29.91,0.0,0.0,77,75,14.7,58.4,10.0,6.0,4.0,2.5,4.0,207.0,57.2,3.4,1.3,4.1,4.2,1,1,06:45 AM,08:16 PM,07:58 PM,03:55 AM,Waxing Gibbous,93
Syria,Damascus,33.5,36.3,Asia/Damascus,1693302300,2023-08-29 12:45,32.0,89.6,Partly cloudy,11.9,19.1,200,SSW,1007.0,29.74,0.0,0.0,30,50,30.0,85.9,10.0,6.0,8.0,18.1,29.2,213.6,127.3,2.3,3.8,6.9,9.7,1,1,06:06 AM,07:05 PM,06:22 PM,03:40 AM,Waxing Gibbous,93
Tajikistan,Dushanbe,38.56,68.77,Asia/Dushanbe,1693301400,2023-08-29 14:30,32.0,89.6,Sunny,6.9,11.2,110,ESE,1007.0,29.74,0.0,0.0,17,0,29.8,85.6,10.0,6.0,8.0,1.8,2.9,195.3,104.4,0.3,1.1,2.0,5.6,1,1,05:51 AM,07:00 PM,06:21 PM,03:07 AM,Waxing Gibbous,93
Tanzania,Dodoma,-6.18,35.75,Africa/Dar_es_Salaam,1693301400,2023-08-29 12:30,23.0,73.4,Partly cloudy,15.0,24.1,60,ENE,1024.0,30.24,0.0,0.0,53,25,24.3,75.7,10.0,6.0,6.0,10.3,16.6,203.6,37.6,0.1,0.2,1.4,2.6,1,1,06:39 AM,06:37 PM,05:14 PM,05:03 AM,Waxing Gibbous,93
Thailand,Bangkok,13.75,100.52,Asia/Bangkok,1693302300,2023-08-29 16:45,33.0,91.4,Partly cloudy,6.9,11.2,240,WSW,1003.0,29.62,0.1,0.0,56,50,37.6,99.6,10.0,6.0,7.0,14.1,22.7,687.6,8.3,26.1,19.1,10.0,19.9,1,1,06:06 AM,06:31 PM,05:17 PM,03:55 AM,Waxing Gibbous,93
Indonesia,Murong Timor,-7.56,112.27,Asia/Jakarta,1693302300,2023-08-29 16:45,33.5,92.3,Sunny,8.5,13.7,169,S,1007.0,29.74,0.0,0.0,30,7,33.2,91.8,10.0,6.0,8.0,9.8,15.8,547.4,147.3,6.3,10.3,41.1,54.0,3,4,05:34 AM,05:31 PM,03:52 PM,03:47 AM,Waxing Gibbous,93
Bulgaria,Lom,43.81,23.24,Europe/Bucharest,1693302300,2023-08-29 12:45,31.3,88.3,Sunny,4.5,7.2,238,WSW,1004.0,29.64,0.0,0.0,31,11,30.4,86.7,10.0,6.0,8.0,5.1,8.3,217.0,86.6,0.7,0.7,7.5,8.4,1,1,06:46 AM,08:09 PM,07:43 PM,04:01 AM,Waxing Gibbous,93
Tonga,Nuku`Aloia,-21.13,-175.2,Pacific/Tongatapu,1693302300,2023-08-29 22:45,21.0,69.8,Partly cloudy,9.4,15.1,110,ESE,1020.0,30.12,0.1,0.0,78,75,21.0,69.8,10.0,6.0,1.0,27.1,43.6,200.3,75.8,0.3,0.5,1.2,5.5,1,1,06:53 AM,06:31 PM,04:22 PM,05:13 AM,Waxing Gibbous,93
Trinidad and Tobago,Port Of Spain,10.65,-61.52,America/Port_of_Spain,1693301400,2023-08-29 05:30,26.0,78.8,Partly cloudy,2.2,3.6,10,N,1013.0,29.91,0.1,0.0,89,25,29.3,84.8,10.0,6.0,1.0,10.7,17.3,203.6,9.7,5.6,0.8,2.1,5.5,1,1,05:57 AM,06:17 PM,05:25 PM,04:19 AM,Waxing Gibbous,93
Tunisia,Tunis,36.8,10.18,Africa/Tunis,1693302300,2023-08-29 10:45,29.0,84.2,Partly cloudy,15.0,24.1,250,WSW,1011.0,29.85,0.0,0.0,40,50,29.2,84.5,10.0,6.0,7.0,14.3,23.0,203.6,85.8,1.1,0.9,2.4,8.5,1,1,05:48 AM,06:52 PM,06:17 PM,03:20 AM,Waxing Gibbous,93
Turkey,Ankara,39.93,32.86,Europe/Istanbul,1693302300,2023-08-29 12:45,28.0,82.4,Sunny,2.2,3.6,268,W,1010.0,29.83,0.0,0.0,28,0,26.4,79.5,10.0,6.0,7.0,1.6,2.5,243.7,163.1,5.7,11.2,13.3,14.4,1,2,06:13 AM,07:26 PM,06:52 PM,03:35 AM,Waxing Gibbous,93
Turkmenistan,Ashgabat,37.95,58.38,Asia/Ashgabat,1693302300,2023-08-29 14:45,35.0,95.0,Partly cloudy,11.9,19.1,320,NW,1001.0,29.56,0.0,0.0,19,25,33.2,91.7,10.0,6.0,8.0,3.8,6.1,263.7,223.2,7.1,17.6,19.0,36.8,2,2,06:33 AM,07:41 PM,07:02 PM,03:53 AM,Waxing Gibbous,93
Tuvalu,Funafuti,-8.52,179.22,Pacific/Funafuti,1693302300,2023-08-29 21:45,29.0,84.2,Partly cloudy,5.6,9.0,90,E,1009.0,29.8,0.3,0.01,89,50,33.9,93.0,10.0,6.0,1.0,21.7,34.9,158.6,29.0,0.0,0.1,1.6,6.8,1,1,06:07 AM,06:02 PM,04:10 PM,04:10 AM,Waxing Gibbous,93
Uganda,Kampala,0.32,32.57,Africa/Kampala,1693302300,2023-08-29 12:45,25.0,77.0,Partly cloudy,15.0,24.1,230,SW,1021.0,30.15,1.5,0.06,69,50,25.9,78.6,10.0,6.0,6.0,11.6,18.7,323.8,45.8,0.8,1.2,4.0,7.4,1,1,06:47 AM,06:54 PM,05:37 PM,05:05 AM,Waxing Gibbous,93
Ukraine,Lviv,49.83,24.0,Europe/Kiev,1693301400,2023-08-29 12:30,29.4,84.9,Sunny,7.8,12.6,161,SSE,1005.0,29.66,0.0,0.0,41,2,29.5,85.1,10.0,6.0,7.0,8.9,14.4,208.6,70.1,0.5,1.2,13.3,16.2,1,2,06:34 AM,08:15 PM,08:02 PM,03:31 AM,Waxing Gibbous,93
United Arab Emirates,Abu Dhabi,24.47,54.37,Asia/Dubai,1693302300,2023-08-29 13:45,45.0,113.0,Sunny,6.9,11.2,290,WNW,999.0,29.5,0.0,0.0,10,0,73.6,164.4,10.0,6.0,9.0,25.1,40.3,390.5,320.4,11.1,9.4,82.6,126.1,4,10,06:02 AM,06:44 PM,05:48 PM,03:46 AM,Waxing Gibbous,93
United Kingdom,London,51.52,-0.11,Europe/London,1693302300,2023-08-29 10:45,18.0,64.4,Sunny,8.1,13.0,240,WSW,1012.0,29.88,0.0,0.0,68,0,18.0,64.4,10.0,6.0,5.0,6.9,11.2,277.0,57.2,14.6,10.1,4.0,6.1,1,1,06:08 AM,07:54 PM,07:47 PM,03:04 AM,Waxing Gibbous,93
United States of America,Washington Park,46.6,-120.49,America/Los_Angeles,1693302300,2023-08-29 02:45,23.3,73.9,Clear,9.4,15.1,330,NNW,1011.0,29.85,0.0,0.0,45,0,25.1,77.2,16.0,9.0,1.0,15.0,24.1,237.0,65.1,1.4,0.7,9.6,10.9,1,1,06:18 AM,07:47 PM,07:39 PM,04:00 AM,Waxing Gibbous,93
Uruguay,Montevideo,-34.86,-56.17,America/Montevideo,1693301400,2023-08-29 06:30,7.0,44.6,Clear,6.9,11.2,50,NE,1024.0,30.24,0.0,0.0,93,0,5.2,41.3,10.0,6.0,1.0,10.1,16.2,290.4,26.5,5.7,5.1,2.8,5.4,1,1,07:08 AM,06:24 PM,04:46 PM,06:23 AM,Waxing Gibbous,93
Uzbekistan,Tashkent,41.32,69.25,Asia/Tashkent,1693301400,2023-08-29 14:30,31.0,87.8,Sunny,9.4,15.1,190,S,1006.0,29.71,0.0,0.0,14,0,28.8,83.8,10.0,6.0,8.0,4.7,7.6,237.0,133.0,3.4,2.0,7.1,23.1,1,1,05:46 AM,07:02 PM,06:27 PM,02:56 AM,Waxing Gibbous,93
Vanuatu,Port Vila,-17.73,168.32,Pacific/Efate,1693302300,2023-08-29 20:45,22.0,71.6,Overcast,11.9,19.1,100,E,1013.0,29.91,2.6,0.1,100,100,24.5,76.1,10.0,6.0,1.0,39.8,64.1,190.3,62.9,0.0,0.2,4.8,10.4,1,1,05:57 AM,05:39 PM,03:39 PM,04:14 AM,Waxing Gibbous,93
Venezuela,Caracas,10.5,-66.92,America/Caracas,1693302300,2023-08-29 05:45,25.0,77.0,Partly cloudy,6.9,11.2,50,NE,1013.0,29.91,0.5,0.02,79,75,27.4,81.3,10.0,6.0,1.0,6.5,10.4,814.4,0.0,40.4,40.5,25.6,27.2,2,3,06:18 AM,06:39 PM,05:47 PM,04:42 AM,Waxing Gibbous,93
Vietnam,Hanoi,21.03,105.85,Asia/Bangkok,1693302300,2023-08-29 16:45,30.0,86.0,Sunny,6.9,11.2,80,E,1003.0,29.62,0.0,0.0,66,0,33.0,91.3,10.0,6.0,8.0,16.1,25.9,387.2,90.1,6.2,5.2,12.9,16.7,1,2,05:40 AM,06:16 PM,05:08 PM,03:18 AM,Waxing Gibbous,93
Yemen,Sanaa,15.35,44.21,Asia/Aden,1693302300,2023-08-29 12:45,25.3,77.5,Patchy light rain with thunder,4.0,6.5,204,SSW,1010.0,29.83,0.2,0.01,31,88,25.0,77.0,10.0,6.0,6.0,4.7,7.6,158.6,114.4,1.2,6.7,17.5,47.1,2,2,05:50 AM,06:18 PM,05:14 PM,03:48 AM,Waxing Gibbous,93
Zambia,Lusaka,-15.42,28.28,Africa/Lusaka,1693302300,2023-08-29 11:45,19.8,67.6,Sunny,11.9,19.1,97,E,1025.0,30.27,0.0,0.0,28,3,19.8,67.6,10.0,6.0,5.0,13.6,22.0,881.2,75.8,1.5,3.5,17.3,23.6,2,2,06:15 AM,06:01 PM,04:29 PM,04:51 AM,Waxing Gibbous,93
Zimbabwe,Harare,-17.82,31.04,Africa/Harare,1693302300,2023-08-29 11:45,19.0,66.2,Sunny,10.5,16.9,114,ESE,1026.0,30.29,0.0,0.0,25,0,19.0,66.2,10.0,6.0,5.0,12.1,19.4,417.2,75.8,2.2,8.7,17.4,21.5,2,2,06:06 AM,05:49 PM,04:13 PM,04:44 AM,Waxing Gibbous,93
